video_id,video_title,question_id,question,answer,difficulty,normalized_answer,normalized_question,is_aligned
yc7x5jNhXIQ,جون كينيدي | الدحيح,yc7x5jNhXIQ_Q001,ماذا ورد في هذا الموضع من النص؟,- يا سلام! وإيه بقى اللي حصل؟,Easy,- يا سلام ! وايه بقي اللي حصل ؟,ماذا ورد في هذا الموضع من النص ؟,True
yc7x5jNhXIQ,جون كينيدي | الدحيح,yc7x5jNhXIQ_Q002,ما الجملة المذكورة في هذا السياق؟,إيه الطلقة الواحدة اللي تقتل جوزي,Medium,ايه الطلقه الواحده اللي تقتل جوزي,ما الجمله المذكوره في هذا السياق ؟,True
yc7x5jNhXIQ,جون كينيدي | الدحيح,yc7x5jNhXIQ_Q003,كيف صيغت العبارة هنا؟,في كل الناس، ولّا إيه؟!,Easy,في كل الناس ، ولا ايه ؟ !,كيف صيغت العباره هنا ؟,True
yc7x5jNhXIQ,جون كينيدي | الدحيح,yc7x5jNhXIQ_Q004,ما الذي قيل في هذا الجزء؟,وانتي بتهربي من العربية لمّا اتضرب بالنار.,Medium,وانتي بتهربي من العربيه لما اتضرب بالنار .,ما الذي قيل في هذا الجزء ؟,True
yc7x5jNhXIQ,جون كينيدي | الدحيح,yc7x5jNhXIQ_Q005,ما النص الحرفي المذكور في هذه الفقرة؟,"متعدّلة بالـ""فوتوشوب""!",Easy,متعدله بالفوتوشوب !,ما النص الحرفي المذكور في هذه الفقره ؟,True
yc7x5jNhXIQ,جون كينيدي | الدحيح,yc7x5jNhXIQ_Q006,ماذا ورد في هذا الموضع من النص؟,الجهاز الفاشل المجنون المُهزّأ بالشكل دا!,Medium,الجهاز الفاشل المجنون المهزا بالشكل دا !,ماذا ورد في هذا الموضع من النص ؟,True
yc7x5jNhXIQ,جون كينيدي | الدحيح,yc7x5jNhXIQ_Q007,ما الجملة المذكورة في هذا السياق؟,ييجي ينقذ الموقف اللي احنا فيه؟!,Easy,ييجي ينقذ الموقف اللي احنا فيه ؟ !,ما الجمله المذكوره في هذا السياق ؟,True
yc7x5jNhXIQ,جون كينيدي | الدحيح,yc7x5jNhXIQ_Q008,كيف صيغت العبارة هنا؟,السلام عليكم ورحمة الله وبركاته،,Medium,السلام عليكم ورحمه الله وبركاته ،,كيف صيغت العباره هنا ؟,True
yc7x5jNhXIQ,جون كينيدي | الدحيح,yc7x5jNhXIQ_Q009,ما الذي قيل في هذا الجزء؟,"من برنامج ""الدحّيح""!",Easy,من برنامج الدحيح !,ما الذي قيل في هذا الجزء ؟,True
yc7x5jNhXIQ,جون كينيدي | الدحيح,yc7x5jNhXIQ_Q010,ما النص الحرفي المذكور في هذه الفقرة؟,تعالى نقف من بعيد، نتفرج من بعيد،,Medium,تعالي نقف من بعيد ، نتفرج من بعيد ،,ما النص الحرفي المذكور في هذه الفقره ؟,True
yc7x5jNhXIQ,جون كينيدي | الدحيح,yc7x5jNhXIQ_Q011,ماذا ورد في هذا الموضع من النص؟,"وفين؟ في ""دالاس""، ""تكساس""،",Easy,وفين ؟ في دالاس ، تكساس ،,ماذا ورد في هذا الموضع من النص ؟,True
yc7x5jNhXIQ,جون كينيدي | الدحيح,yc7x5jNhXIQ_Q012,ما الجملة المذكورة في هذا السياق؟,"في موكب ""ديلي بلازا""،",Medium,في موكب ديلي بلازا ،,ما الجمله المذكوره في هذا السياق ؟,True
yc7x5jNhXIQ,جون كينيدي | الدحيح,yc7x5jNhXIQ_Q013,كيف صيغت العبارة هنا؟,وسط تصفيق وهتافات من الجمهور،,Easy,وسط تصفيق وهتافات من الجمهور ،,كيف صيغت العباره هنا ؟,True
yc7x5jNhXIQ,جون كينيدي | الدحيح,yc7x5jNhXIQ_Q014,ما الذي قيل في هذا الجزء؟,اللي كان وقتها في عز شعبيته،,Medium,اللي كان وقتها في عز شعبيته ،,ما الذي قيل في هذا الجزء ؟,True
yc7x5jNhXIQ,جون كينيدي | الدحيح,yc7x5jNhXIQ_Q015,ما النص الحرفي المذكور في هذه الفقرة؟,"في ""ليموزين"" مكشوفة، ولا اللي بتنقل عزالها،",Easy,في ليموزين مكشوفه ، ولا اللي بتنقل عزالها ،,ما النص الحرفي المذكور في هذه الفقره ؟,True
yc7x5jNhXIQ,جون كينيدي | الدحيح,yc7x5jNhXIQ_Q016,ماذا ورد في هذا الموضع من النص؟,هذا المشهد المثالي بينهار أمامنا،,Medium,هذا المشهد المثالي بينهار امامنا ،,ماذا ورد في هذا الموضع من النص ؟,True
yc7x5jNhXIQ,جون كينيدي | الدحيح,yc7x5jNhXIQ_Q017,ما الجملة المذكورة في هذا السياق؟,بنشوف طلقة، والتانية، وأخيرًا التالتة،,Easy,بنشوف طلقه ، والتانيه ، واخيرا التالته ،,ما الجمله المذكوره في هذا السياق ؟,True
yc7x5jNhXIQ,جون كينيدي | الدحيح,yc7x5jNhXIQ_Q018,كيف صيغت العبارة هنا؟,بعد تقريبًا نُص ساعة،,Medium,بعد تقريبا نص ساعه ،,كيف صيغت العباره هنا ؟,True
yc7x5jNhXIQ,جون كينيدي | الدحيح,yc7x5jNhXIQ_Q019,ما الذي قيل في هذا الجزء؟,"بيخرج ""والتر كرونكايت""",Easy,بيخرج والتر كرونكايت,ما الذي قيل في هذا الجزء ؟,True
yc7x5jNhXIQ,جون كينيدي | الدحيح,yc7x5jNhXIQ_Q020,ما النص الحرفي المذكور في هذه الفقرة؟,إنها قبضت على المشتبه فيه الأول،,Medium,انها قبضت علي المشتبه فيه الاول ،,ما النص الحرفي المذكور في هذه الفقره ؟,True
yc7x5jNhXIQ,جون كينيدي | الدحيح,yc7x5jNhXIQ_Q021,ماذا ورد في هذا الموضع من النص؟,"كقاتل الرئيس الأمريكي ""جون إف. كينيدي"".",Easy,كقاتل الرييس الامريكي جون اف . كينيدي .,ماذا ورد في هذا الموضع من النص ؟,True
yc7x5jNhXIQ,جون كينيدي | الدحيح,yc7x5jNhXIQ_Q022,ما الجملة المذكورة في هذا السياق؟,في مينا أمريكي.,Medium,في مينا امريكي .,ما الجمله المذكوره في هذا السياق ؟,True
yc7x5jNhXIQ,جون كينيدي | الدحيح,yc7x5jNhXIQ_Q023,كيف صيغت العبارة هنا؟,"حط لحظة وفاة ""جون. إف. كينيدي""",Easy,حط لحظه وفاه جون . اف . كينيدي,كيف صيغت العباره هنا ؟,True
yc7x5jNhXIQ,جون كينيدي | الدحيح,yc7x5jNhXIQ_Q024,ما الذي قيل في هذا الجزء؟,"في تاريخ ""أمريكا""،",Medium,في تاريخ امريكا ،,ما الذي قيل في هذا الجزء ؟,True
yc7x5jNhXIQ,جون كينيدي | الدحيح,yc7x5jNhXIQ_Q025,ما النص الحرفي المذكور في هذه الفقرة؟,على وهم الأمان عند الأمريكان،,Easy,علي وهم الامان عند الامريكان ،,ما النص الحرفي المذكور في هذه الفقره ؟,True
yc7x5jNhXIQ,جون كينيدي | الدحيح,yc7x5jNhXIQ_Q026,ماذا ورد في هذا الموضع من النص؟,بيحاولوا يبيعوها للعالَم،,Medium,بيحاولوا يبيعوها للعالم ،,ماذا ورد في هذا الموضع من النص ؟,True
yc7x5jNhXIQ,جون كينيدي | الدحيح,yc7x5jNhXIQ_Q027,ما الجملة المذكورة في هذا السياق؟,زي ما بيحصل في (أوروبا),Easy,زي ما بيحصل في,ما الجمله المذكوره في هذا السياق ؟,True
yc7x5jNhXIQ,جون كينيدي | الدحيح,yc7x5jNhXIQ_Q028,كيف صيغت العبارة هنا؟,في أماكن مختلفة من العالم.,Medium,في اماكن مختلفه من العالم .,كيف صيغت العباره هنا ؟,True
yc7x5jNhXIQ,جون كينيدي | الدحيح,yc7x5jNhXIQ_Q029,ما الذي قيل في هذا الجزء؟,الرئيس الأمريكي،,Easy,الرييس الامريكي ،,ما الذي قيل في هذا الجزء ؟,True
yc7x5jNhXIQ,جون كينيدي | الدحيح,yc7x5jNhXIQ_Q030,ما النص الحرفي المذكور في هذه الفقرة؟,بيموت قُدّامنا على الشاشات!,Medium,بيموت قدامنا علي الشاشات !,ما النص الحرفي المذكور في هذه الفقره ؟,True
yc7x5jNhXIQ,جون كينيدي | الدحيح,yc7x5jNhXIQ_Q031,ماذا ورد في هذا الموضع من النص؟,احنا القوة اللي بتحكُم،,Easy,احنا القوه اللي بتحكم ،,ماذا ورد في هذا الموضع من النص ؟,True
yc7x5jNhXIQ,جون كينيدي | الدحيح,yc7x5jNhXIQ_Q032,ما الجملة المذكورة في هذا السياق؟,هيبدأ يبقى هُناك أسئلة،,Medium,هيبدا يبقي هناك اسيله ،,ما الجمله المذكوره في هذا السياق ؟,True
yc7x5jNhXIQ,جون كينيدي | الدحيح,yc7x5jNhXIQ_Q033,كيف صيغت العبارة هنا؟,قاتل فردي كدا لوحده، مع نفسه؟,Easy,قاتل فردي كدا لوحده ، مع نفسه ؟,كيف صيغت العباره هنا ؟,True
yc7x5jNhXIQ,جون كينيدي | الدحيح,yc7x5jNhXIQ_Q034,ما الذي قيل في هذا الجزء؟,"عايزة تقتل ""كينيدي""؟",Medium,عايزه تقتل كينيدي ؟,ما الذي قيل في هذا الجزء ؟,True
yc7x5jNhXIQ,جون كينيدي | الدحيح,yc7x5jNhXIQ_Q035,ما النص الحرفي المذكور في هذه الفقرة؟,مش عارفة تجاوب عليها،,Easy,مش عارفه تجاوب عليها ،,ما النص الحرفي المذكور في هذه الفقره ؟,True
yc7x5jNhXIQ,جون كينيدي | الدحيح,yc7x5jNhXIQ_Q036,ماذا ورد في هذا الموضع من النص؟,"وصفوا موت ""كينيدي"" بإنه...",Medium,وصفوا موت كينيدي بانه...,ماذا ورد في هذا الموضع من النص ؟,True
yc7x5jNhXIQ,جون كينيدي | الدحيح,yc7x5jNhXIQ_Q037,ما الجملة المذكورة في هذا السياق؟,وإن الحقايق قُدّامهم،,Easy,وان الحقايق قدامهم ،,ما الجمله المذكوره في هذا السياق ؟,True
yc7x5jNhXIQ,جون كينيدي | الدحيح,yc7x5jNhXIQ_Q038,كيف صيغت العبارة هنا؟,"""أمريكا"" خرجت نافشة ريشها،",Medium,امريكا خرجت نافشه ريشها ،,كيف صيغت العباره هنا ؟,True
yc7x5jNhXIQ,جون كينيدي | الدحيح,yc7x5jNhXIQ_Q039,ما الذي قيل في هذا الجزء؟,السياسي والاقتصادي،,Easy,السياسي الاقتصادي ،,ما الذي قيل في هذا الجزء ؟,True
yc7x5jNhXIQ,جون كينيدي | الدحيح,yc7x5jNhXIQ_Q040,ما النص الحرفي المذكور في هذه الفقرة؟,زاد، بسم الله، ما شاء الله، 150%،,Medium,زاد ، بسم الله ، ما شاء الله ، 150% ،,ما النص الحرفي المذكور في هذه الفقره ؟,True
yc7x5jNhXIQ,جون كينيدي | الدحيح,yc7x5jNhXIQ_Q041,ماذا ورد في هذا الموضع من النص؟,حرب عالمية تانية وكساد عظيم.,Easy,حرب عالميه تانيه وكساد عظيم .,ماذا ورد في هذا الموضع من النص ؟,True
yc7x5jNhXIQ,جون كينيدي | الدحيح,yc7x5jNhXIQ_Q042,ما الجملة المذكورة في هذا السياق؟,ظهور لأول مرة للطبقة الوسطى،,Medium,ظهور لاول مره للطبقه الوسطي ،,ما الجمله المذكوره في هذا السياق ؟,True
yc7x5jNhXIQ,جون كينيدي | الدحيح,yc7x5jNhXIQ_Q043,كيف صيغت العبارة هنا؟,الحلم الأمريكي بتاع الأفلام،,Easy,الحلم الامريكي بتاع الافلام ،,كيف صيغت العباره هنا ؟,True
yc7x5jNhXIQ,جون كينيدي | الدحيح,yc7x5jNhXIQ_Q044,ما الذي قيل في هذا الجزء؟,زي ما احنا عارفين،,Medium,زي ما احنا عارفين ،,ما الذي قيل في هذا الجزء ؟,True
yc7x5jNhXIQ,جون كينيدي | الدحيح,yc7x5jNhXIQ_Q045,ما النص الحرفي المذكور في هذه الفقرة؟,مستني ينفجر في أي لحظة،,Easy,مستني ينفجر في اي لحظه ،,ما النص الحرفي المذكور في هذه الفقره ؟,True
yc7x5jNhXIQ,جون كينيدي | الدحيح,yc7x5jNhXIQ_Q046,ماذا ورد في هذا الموضع من النص؟,أول قاعدة في المدينة الفاضلة،,Medium,اول قاعده في المدينه الفاضله ،,ماذا ورد في هذا الموضع من النص ؟,True
yc7x5jNhXIQ,جون كينيدي | الدحيح,yc7x5jNhXIQ_Q047,ما الجملة المذكورة في هذا السياق؟,لأي شيء غير مثالي أن يظهر،,Easy,لاي شيء غير مثالي ان يظهر ،,ما الجمله المذكوره في هذا السياق ؟,True
yc7x5jNhXIQ,جون كينيدي | الدحيح,yc7x5jNhXIQ_Q048,كيف صيغت العبارة هنا؟,ولكن ما يظهرش،,Medium,ولكن ما يظهرش ،,كيف صيغت العباره هنا ؟,True
yc7x5jNhXIQ,جون كينيدي | الدحيح,yc7x5jNhXIQ_Q049,ما الذي قيل في هذا الجزء؟,هُما موظفين في مشروع الحلم الأمريكي الكبير،,Easy,هما موظفين في مشروع الحلم الامريكي الكبير ،,ما الذي قيل في هذا الجزء ؟,True
yc7x5jNhXIQ,جون كينيدي | الدحيح,yc7x5jNhXIQ_Q050,ما النص الحرفي المذكور في هذه الفقرة؟,نخلّص الشغل ونرجع من الشغل،,Medium,نخلص الشغل ونرجع من الشغل ،,ما النص الحرفي المذكور في هذه الفقره ؟,True
yc7x5jNhXIQ,جون كينيدي | الدحيح,yc7x5jNhXIQ_Q051,ماذا ورد في هذا الموضع من النص؟,وقت الحرب، وقت ما كان الرجالة بيحاربوا،,Easy,وقت الحرب ، وقت ما كان الرجاله بيحاربوا ،,ماذا ورد في هذا الموضع من النص ؟,True
yc7x5jNhXIQ,جون كينيدي | الدحيح,yc7x5jNhXIQ_Q052,ما الجملة المذكورة في هذا السياق؟,اللي بتعبّر عن العجز الذكوري،,Medium,اللي بتعبر عن العجز الذكوري ،,ما الجمله المذكوره في هذا السياق ؟,True
yc7x5jNhXIQ,جون كينيدي | الدحيح,yc7x5jNhXIQ_Q053,كيف صيغت العبارة هنا؟,اللي كانت القوى الناعمة بتحاول تظهرها،,Easy,اللي كانت القوي الناعمه بتحاول تظهرها ،,كيف صيغت العباره هنا ؟,True
yc7x5jNhXIQ,جون كينيدي | الدحيح,yc7x5jNhXIQ_Q054,ما الذي قيل في هذا الجزء؟,بنشوف رسالة واضحة،,Medium,بنشوف رساله واضحه ،,ما الذي قيل في هذا الجزء ؟,True
yc7x5jNhXIQ,جون كينيدي | الدحيح,yc7x5jNhXIQ_Q055,ما النص الحرفي المذكور في هذه الفقرة؟,من جزء في حدوتة جميلة،,Easy,من جزء في حدوته جميله ،,ما النص الحرفي المذكور في هذه الفقره ؟,True
yc7x5jNhXIQ,جون كينيدي | الدحيح,yc7x5jNhXIQ_Q056,ماذا ورد في هذا الموضع من النص؟,واقفة بالريشة كدا.,Medium,واقفه بالريشه كدا .,ماذا ورد في هذا الموضع من النص ؟,True
yc7x5jNhXIQ,جون كينيدي | الدحيح,yc7x5jNhXIQ_Q057,ما الجملة المذكورة في هذا السياق؟,ونرجع للشباب الصغير، النشء، البراعم،,Easy,ونرجع للشباب الصغير ، النشء ، البراعم ،,ما الجمله المذكوره في هذا السياق ؟,True
yc7x5jNhXIQ,جون كينيدي | الدحيح,yc7x5jNhXIQ_Q058,كيف صيغت العبارة هنا؟,كل الأفكار بتاعتهم بيتقالّها لأ،,Medium,كل الافكار بتاعتهم بيتقالها لا ،,كيف صيغت العباره هنا ؟,True
yc7x5jNhXIQ,جون كينيدي | الدحيح,yc7x5jNhXIQ_Q059,ما الذي قيل في هذا الجزء؟,بتمرُّد بيظهر فجأة،,Easy,بتمرد بيظهر فجاه ،,ما الذي قيل في هذا الجزء ؟,True
yc7x5jNhXIQ,جون كينيدي | الدحيح,yc7x5jNhXIQ_Q060,ما النص الحرفي المذكور في هذه الفقرة؟,"زي فيلم ""متمرد بلا قضية""،",Medium,زي فيلم متمرد بلا قضيه ،,ما النص الحرفي المذكور في هذه الفقره ؟,True
yc7x5jNhXIQ,جون كينيدي | الدحيح,yc7x5jNhXIQ_Q061,ماذا ورد في هذا الموضع من النص؟,"بيعبّر عن ملايين الشباب في ""أمريكا""،",Easy,بيعبر عن ملايين الشباب في امريكا ،,ماذا ورد في هذا الموضع من النص ؟,True
yc7x5jNhXIQ,جون كينيدي | الدحيح,yc7x5jNhXIQ_Q062,ما الجملة المذكورة في هذا السياق؟,هذه الصورة على مستوى الأفراد،,Medium,هذه الصوره علي مستوي الافراد ،,ما الجمله المذكوره في هذا السياق ؟,True
yc7x5jNhXIQ,جون كينيدي | الدحيح,yc7x5jNhXIQ_Q063,كيف صيغت العبارة هنا؟,فيه حاجة كبيرة جدًا جدًا جدًا جدًا جدًا بتحصل،,Easy,فيه حاجه كبيره جدا جدا جدا جدا جدا بتحصل ،,كيف صيغت العباره هنا ؟,True
yc7x5jNhXIQ,جون كينيدي | الدحيح,yc7x5jNhXIQ_Q064,ما الذي قيل في هذا الجزء؟,"بعد مشروع ""مانهاتن"" كانت متطمنة",Medium,بعد مشروع مانهاتن كانت متطمنه,ما الذي قيل في هذا الجزء ؟,True
yc7x5jNhXIQ,جون كينيدي | الدحيح,yc7x5jNhXIQ_Q065,ما النص الحرفي المذكور في هذه الفقرة؟,"يجيلهم السوفييت يقولولهم: ""سلام عليكم!",Easy,يجيلهم السوفييتي يقولولهم: سلام عليكم !,ما النص الحرفي المذكور في هذه الفقره ؟,True
yc7x5jNhXIQ,جون كينيدي | الدحيح,yc7x5jNhXIQ_Q066,ماذا ورد في هذا الموضع من النص؟,والناس عايشة في رعب شديد،,Medium,والناس عايشه في رعب شديد ،,ماذا ورد في هذا الموضع من النص ؟,True
yc7x5jNhXIQ,جون كينيدي | الدحيح,yc7x5jNhXIQ_Q067,ما الجملة المذكورة في هذا السياق؟,بتمرّن العيال على حالات الطوارئ،,Easy,بتمرن العيال علي حالات الطواري ،,ما الجمله المذكوره في هذا السياق ؟,True
yc7x5jNhXIQ,جون كينيدي | الدحيح,yc7x5jNhXIQ_Q068,كيف صيغت العبارة هنا؟,مش حريقة في فصل،,Medium,مش حريقه في فصل ،,كيف صيغت العباره هنا ؟,True
yc7x5jNhXIQ,جون كينيدي | الدحيح,yc7x5jNhXIQ_Q069,ما الذي قيل في هذا الجزء؟,"ممكن تقولّي على التمرين يا (أبو حميد)؟!""",Easy,ممكن تقولي علي التمرين يا ؟ !,ما الذي قيل في هذا الجزء ؟,True
yc7x5jNhXIQ,جون كينيدي | الدحيح,yc7x5jNhXIQ_Q070,ما النص الحرفي المذكور في هذه الفقرة؟,بقت بتبني ملاجئ من القنابل،,Medium,بقت بتبني ملاجي من القنابل ،,ما النص الحرفي المذكور في هذه الفقره ؟,True
yc7x5jNhXIQ,جون كينيدي | الدحيح,yc7x5jNhXIQ_Q071,ماذا ورد في هذا الموضع من النص؟,معاه قنبلة نووية، عايش في قارة بعيدة،,Easy,معاه قنبله نوويه ، عايش في قاره بعيده ،,ماذا ورد في هذا الموضع من النص ؟,True
yc7x5jNhXIQ,جون كينيدي | الدحيح,yc7x5jNhXIQ_Q072,ما الجملة المذكورة في هذا السياق؟,بيدخلوا في حالة من البارانويا،,Medium,بيدخلوا في حاله من البارانويا ،,ما الجمله المذكوره في هذا السياق ؟,True
yc7x5jNhXIQ,جون كينيدي | الدحيح,yc7x5jNhXIQ_Q073,كيف صيغت العبارة هنا؟,"لأفكار ""الاتحاد السوفييتي""،",Easy,لافكار الاتحاد السوفييتي ،,كيف صيغت العباره هنا ؟,True
yc7x5jNhXIQ,جون كينيدي | الدحيح,yc7x5jNhXIQ_Q074,ما الذي قيل في هذا الجزء؟,"قادها السيناتور ""جوزيف مكارثر""",Medium,قادها السيناتور جوزيف مكارثر,ما الذي قيل في هذا الجزء ؟,True
yc7x5jNhXIQ,جون كينيدي | الدحيح,yc7x5jNhXIQ_Q075,ما النص الحرفي المذكور في هذه الفقرة؟,نسخة القرن الـ20،,Easy,نسخه القرن ال 20 ،,ما النص الحرفي المذكور في هذه الفقره ؟,True
yc7x5jNhXIQ,جون كينيدي | الدحيح,yc7x5jNhXIQ_Q076,ماذا ورد في هذا الموضع من النص؟,أو يعرف حد شيوعي،,Medium,او يعرف حد شيوعي ،,ماذا ورد في هذا الموضع من النص ؟,True
yc7x5jNhXIQ,جون كينيدي | الدحيح,yc7x5jNhXIQ_Q077,ما الجملة المذكورة في هذا السياق؟,ممكن يبقى عارف حد إنه شيوعي،,Easy,ممكن يبقي عارف حد انه شيوعي ،,ما الجمله المذكوره في هذا السياق ؟,True
yc7x5jNhXIQ,جون كينيدي | الدحيح,yc7x5jNhXIQ_Q078,كيف صيغت العبارة هنا؟,هيمتد حتى لسياساتهم الخارجية،,Medium,هيمتد حتي لسياساتهم الخارجيه ،,كيف صيغت العباره هنا ؟,True
yc7x5jNhXIQ,جون كينيدي | الدحيح,yc7x5jNhXIQ_Q079,ما الذي قيل في هذا الجزء؟,اللي احنا عايزين نحاربهم،,Easy,اللي احنا عايزين نحاربهم ،,ما الذي قيل في هذا الجزء ؟,True
yc7x5jNhXIQ,جون كينيدي | الدحيح,yc7x5jNhXIQ_Q080,ما النص الحرفي المذكور في هذه الفقرة؟,"ما بنحاربش بعض.""",Medium,ما بنحاربش بعض .,ما النص الحرفي المذكور في هذه الفقره ؟,True
yc7x5jNhXIQ,جون كينيدي | الدحيح,yc7x5jNhXIQ_Q081,ماذا ورد في هذا الموضع من النص؟,هتبدأ الـCIA والمخابرات الأمريكية,Easy,هتبدا ال cia والمخابرات الامريكي,ماذا ورد في هذا الموضع من النص ؟,True
yc7x5jNhXIQ,جون كينيدي | الدحيح,yc7x5jNhXIQ_Q082,ما الجملة المذكورة في هذا السياق؟,في أي أماكن نفوذهم بيتهدد فيها،,Medium,في اي اماكن نفوذهم بيتهدد فيها ،,ما الجمله المذكوره في هذا السياق ؟,True
yc7x5jNhXIQ,جون كينيدي | الدحيح,yc7x5jNhXIQ_Q083,كيف صيغت العبارة هنا؟,هتكون طالعة من جواها،,Easy,هتكون طالعه من جواها ،,كيف صيغت العباره هنا ؟,True
yc7x5jNhXIQ,جون كينيدي | الدحيح,yc7x5jNhXIQ_Q084,ما الذي قيل في هذا الجزء؟,هنجد إن هُناك الملايين من الـAfro Americans,Medium,هنجد ان هناك الملايين من ال afro americans,ما الذي قيل في هذا الجزء ؟,True
yc7x5jNhXIQ,جون كينيدي | الدحيح,yc7x5jNhXIQ_Q085,ما النص الحرفي المذكور في هذه الفقرة؟,وهو العنصرية،,Easy,وهو العنصريه ،,ما النص الحرفي المذكور في هذه الفقره ؟,True
yc7x5jNhXIQ,جون كينيدي | الدحيح,yc7x5jNhXIQ_Q086,ماذا ورد في هذا الموضع من النص؟,"ما يُعرف بـ""قوانين (جيم كرو)""،",Medium,ما يعرف بقوانين ،,ماذا ورد في هذا الموضع من النص ؟,True
yc7x5jNhXIQ,جون كينيدي | الدحيح,yc7x5jNhXIQ_Q087,ما الجملة المذكورة في هذا السياق؟,اللي كانت بتفصل السود عن البيض في كل حاجة،,Easy,اللي كانت بتفصل السود عن البيض في كل حاجه ،,ما الجمله المذكوره في هذا السياق ؟,True
yc7x5jNhXIQ,جون كينيدي | الدحيح,yc7x5jNhXIQ_Q088,كيف صيغت العبارة هنا؟,إن انت ممكن تبقى مجرم!,Medium,ان انت ممكن تبقي مجرم !,كيف صيغت العباره هنا ؟,True
yc7x5jNhXIQ,جون كينيدي | الدحيح,yc7x5jNhXIQ_Q089,ما الذي قيل في هذا الجزء؟,إنه صفّر لست بيضا في محل.,Easy,انه صفر لست بيضا في محل .,ما الذي قيل في هذا الجزء ؟,True
yc7x5jNhXIQ,جون كينيدي | الدحيح,yc7x5jNhXIQ_Q090,ما النص الحرفي المذكور في هذه الفقرة؟,"""اللي عذبوه وقتلوه حصلّهم إيه؟""",Medium,اللي عذبوه وقتلوه حصلهم ايه ؟,ما النص الحرفي المذكور في هذه الفقره ؟,True
yc7x5jNhXIQ,جون كينيدي | الدحيح,yc7x5jNhXIQ_Q091,ماذا ورد في هذا الموضع من النص؟,على جنازة بتابوت مفتوح للولد،,Easy,علي جنازه بتابوت مفتوح للولد ،,ماذا ورد في هذا الموضع من النص ؟,True
yc7x5jNhXIQ,جون كينيدي | الدحيح,yc7x5jNhXIQ_Q092,ما الجملة المذكورة في هذا السياق؟,"عملوا إيه في ابني.""",Medium,عملوا ايه في ابني .,ما الجمله المذكوره في هذا السياق ؟,True
yc7x5jNhXIQ,جون كينيدي | الدحيح,yc7x5jNhXIQ_Q093,كيف صيغت العبارة هنا؟,"صدمة كبيرة جدًا جدًا في ""أمريكا"".",Easy,صدمه كبيره جدا جدا في امريكا .,كيف صيغت العباره هنا ؟,True
yc7x5jNhXIQ,جون كينيدي | الدحيح,yc7x5jNhXIQ_Q094,ما الذي قيل في هذا الجزء؟,"في مقاطعة ""مونتجمري""",Medium,في مقاطعه مونتجمري,ما الذي قيل في هذا الجزء ؟,True
yc7x5jNhXIQ,جون كينيدي | الدحيح,yc7x5jNhXIQ_Q095,ما النص الحرفي المذكور في هذه الفقرة؟,من على الكرسي بتاعها في الأتوبيس,Easy,من علي الكرسي بتاعها في الاتوبيس,ما النص الحرفي المذكور في هذه الفقره ؟,True
yc7x5jNhXIQ,جون كينيدي | الدحيح,yc7x5jNhXIQ_Q096,ماذا ورد في هذا الموضع من النص؟,داخل عليك رجُل أبيض، المفروض تقومله،,Medium,داخل عليك رجل ابيض ، المفروض تقومله ،,ماذا ورد في هذا الموضع من النص ؟,True
yc7x5jNhXIQ,جون كينيدي | الدحيح,yc7x5jNhXIQ_Q097,ما الجملة المذكورة في هذا السياق؟,تجرأت على هذا الفعل الفردي،,Easy,تجرات علي هذا الفعل الفردي ،,ما الجمله المذكوره في هذا السياق ؟,True
yc7x5jNhXIQ,جون كينيدي | الدحيح,yc7x5jNhXIQ_Q098,كيف صيغت العبارة هنا؟,"لأتوبيسات ""مونتجمري""،",Medium,الاتوبيسات مونتجمري ،,كيف صيغت العباره هنا ؟,True
yc7x5jNhXIQ,جون كينيدي | الدحيح,yc7x5jNhXIQ_Q099,ما الذي قيل في هذا الجزء؟,بيظهرلنا قس شاب،,Easy,يظهرلنا قس شاب ،,ما الذي قيل في هذا الجزء ؟,True
yc7x5jNhXIQ,جون كينيدي | الدحيح,yc7x5jNhXIQ_Q100,ما النص الحرفي المذكور في هذه الفقرة؟,بيوحّد غضب السود,Medium,بيوحد غضب السود,ما النص الحرفي المذكور في هذه الفقره ؟,True
yc7x5jNhXIQ,جون كينيدي | الدحيح,yc7x5jNhXIQ_Q101,ماذا ورد في هذا الموضع من النص؟,"على سياسة اللاعنف، ""مش هنحاربهم.""",Easy,علي سياسه اللاعنف ، مش نحاربهم .,ماذا ورد في هذا الموضع من النص ؟,True
yc7x5jNhXIQ,جون كينيدي | الدحيح,yc7x5jNhXIQ_Q102,ما الجملة المذكورة في هذا السياق؟,إن هُما ينهوا الفصل في الأتوبيسات،,Medium,ان هما ينهوا الفصل في الاتوبيسات ،,ما الجمله المذكوره في هذا السياق ؟,True
yc7x5jNhXIQ,جون كينيدي | الدحيح,yc7x5jNhXIQ_Q103,كيف صيغت العبارة هنا؟,يخالفوا قوانين العنصرية دي بنفسهم،,Easy,يخالفوا قوانين العنصريه دي بنفسهم ،,كيف صيغت العباره هنا ؟,True
yc7x5jNhXIQ,جون كينيدي | الدحيح,yc7x5jNhXIQ_Q104,ما الذي قيل في هذا الجزء؟,"وحُط عينك في عينه، انت مش أقل منه في حاجة.""",Medium,وحط عينك في عينه ، انت مش اقل منه في حاجه .,ما الذي قيل في هذا الجزء ؟,True
yc7x5jNhXIQ,جون كينيدي | الدحيح,yc7x5jNhXIQ_Q105,ما النص الحرفي المذكور في هذه الفقرة؟,"المخصصة للبيض في ""نورث كارولينا""،",Easy,المخصصه للبيض في نورث كارولينا ،,ما النص الحرفي المذكور في هذه الفقره ؟,True
yc7x5jNhXIQ,جون كينيدي | الدحيح,yc7x5jNhXIQ_Q106,ماذا ورد في هذا الموضع من النص؟,وهنا، بيبدأ تحدي مباشر لقوانين الفصل،,Medium,وهنا ، بيبدا تحدي مباشر القوانين الفصل ،,ماذا ورد في هذا الموضع من النص ؟,True
yc7x5jNhXIQ,جون كينيدي | الدحيح,yc7x5jNhXIQ_Q107,ما الجملة المذكورة في هذا السياق؟,"احترامًا للي ""مارتن لوثر كينج"" كان بيقوله",Easy,احتراما للي مارتن لوثر كينج كان بيقوله,ما الجمله المذكوره في هذا السياق ؟,True
yc7x5jNhXIQ,جون كينيدي | الدحيح,yc7x5jNhXIQ_Q108,كيف صيغت العبارة هنا؟,"محتاجين نلتزم السلمية.""",Medium,محتاجين نلتزم السلميه .,كيف صيغت العباره هنا ؟,True
yc7x5jNhXIQ,جون كينيدي | الدحيح,yc7x5jNhXIQ_Q109,ما الذي قيل في هذا الجزء؟,في التعامل مع المُواطن الأمريكي لا يُحتمل،,Easy,في التعامل مع المواطن الامريكي لا يحتمل ،,ما الذي قيل في هذا الجزء ؟,True
yc7x5jNhXIQ,جون كينيدي | الدحيح,yc7x5jNhXIQ_Q110,ما النص الحرفي المذكور في هذه الفقرة؟,اللي فيها حرية،,Medium,اللي فيها حريه ،,ما النص الحرفي المذكور في هذه الفقره ؟,True
yc7x5jNhXIQ,جون كينيدي | الدحيح,yc7x5jNhXIQ_Q111,ماذا ورد في هذا الموضع من النص؟,إن فيه طريق أفضل،,Easy,ان فيه طريق افضل ،,ماذا ورد في هذا الموضع من النص ؟,True
yc7x5jNhXIQ,جون كينيدي | الدحيح,yc7x5jNhXIQ_Q112,ما الجملة المذكورة في هذا السياق؟,فيه هؤلاء الناس المحرومين من هذا الحلم؟!,Medium,فيه هولاء الناس المحرومين من هذا الحلم ؟ !,ما الجمله المذكوره في هذا السياق ؟,True
yc7x5jNhXIQ,جون كينيدي | الدحيح,yc7x5jNhXIQ_Q113,كيف صيغت العبارة هنا؟,ويرجّع للإمبراطورية توازنها.,Easy,ويرجع للامبراطوريه توازنها .,كيف صيغت العباره هنا ؟,True
yc7x5jNhXIQ,جون كينيدي | الدحيح,yc7x5jNhXIQ_Q114,ما الذي قيل في هذا الجزء؟,"- ""مين يا (أبو حميد)؟""",Medium,- مين يا ؟,ما الذي قيل في هذا الجزء ؟,True
yc7x5jNhXIQ,جون كينيدي | الدحيح,yc7x5jNhXIQ_Q115,ما النص الحرفي المذكور في هذه الفقرة؟,"ونخش بيت عيلة ""كينيدي""،",Easy,ونخش بيت عيله كينيدي ،,ما النص الحرفي المذكور في هذه الفقره ؟,True
yc7x5jNhXIQ,جون كينيدي | الدحيح,yc7x5jNhXIQ_Q116,ماذا ورد في هذا الموضع من النص؟,رجُل من أصل أيرلندي كاثوليكي،,Medium,رجل من اصل ايرلندي كاثوليكي ،,ماذا ورد في هذا الموضع من النص ؟,True
yc7x5jNhXIQ,جون كينيدي | الدحيح,yc7x5jNhXIQ_Q117,ما الجملة المذكورة في هذا السياق؟,مش accepted!,Easy,مش accepted !,ما الجمله المذكوره في هذا السياق ؟,True
yc7x5jNhXIQ,جون كينيدي | الدحيح,yc7x5jNhXIQ_Q118,كيف صيغت العبارة هنا؟,ما كانتش قابلاه،,Medium,ما كانتش قابلاه ،,كيف صيغت العباره هنا ؟,True
yc7x5jNhXIQ,جون كينيدي | الدحيح,yc7x5jNhXIQ_Q119,ما الذي قيل في هذا الجزء؟,زي ما تقول كدا، أشعل نار جواه,Easy,زي ما تقول كدا ، اشعل نار جواه,ما الذي قيل في هذا الجزء ؟,True
yc7x5jNhXIQ,جون كينيدي | الدحيح,yc7x5jNhXIQ_Q120,ما النص الحرفي المذكور في هذه الفقرة؟,كان ابن مثالي،,Medium,كان ابن مثالي ،,ما النص الحرفي المذكور في هذه الفقره ؟,True
yc7x5jNhXIQ,جون كينيدي | الدحيح,yc7x5jNhXIQ_Q121,ماذا ورد في هذا الموضع من النص؟,اللي بيضعف المناعة.,Easy,اللي بيضعف المناعه .,ماذا ورد في هذا الموضع من النص ؟,True
yc7x5jNhXIQ,جون كينيدي | الدحيح,yc7x5jNhXIQ_Q122,ما الجملة المذكورة في هذا السياق؟,كان بيقضّيها في المستشفيات.,Medium,كان بيقضيها في المستشفيات .,ما الجمله المذكوره في هذا السياق ؟,True
yc7x5jNhXIQ,جون كينيدي | الدحيح,yc7x5jNhXIQ_Q123,كيف صيغت العبارة هنا؟,قاعد على السرير كدا،,Easy,قاعد علي السرير كدا ،,كيف صيغت العباره هنا ؟,True
yc7x5jNhXIQ,جون كينيدي | الدحيح,yc7x5jNhXIQ_Q124,ما الذي قيل في هذا الجزء؟,ويخش لأخوه وصاحبه يضرب معاه،,Medium,ويخش لاخوه وصاحبه يضرب معاه ،,ما الذي قيل في هذا الجزء ؟,True
yc7x5jNhXIQ,جون كينيدي | الدحيح,yc7x5jNhXIQ_Q125,ما النص الحرفي المذكور في هذه الفقرة؟,إن هو اللي هيكسب في الخناقة.,Easy,ان هو اللي هيكسب في الخناقه .,ما النص الحرفي المذكور في هذه الفقره ؟,True
yc7x5jNhXIQ,جون كينيدي | الدحيح,yc7x5jNhXIQ_Q126,ماذا ورد في هذا الموضع من النص؟,هيخلّيه يخرج من عباية أبوه،,Medium,هيخليه يخرج من عبايه ابوه ،,ماذا ورد في هذا الموضع من النص ؟,True
yc7x5jNhXIQ,جون كينيدي | الدحيح,yc7x5jNhXIQ_Q127,ما الجملة المذكورة في هذا السياق؟,تخش الحرب العالمية التانية،,Easy,تخش الحرب العالميه والتانيه ،,ما الجمله المذكوره في هذا السياق ؟,True
yc7x5jNhXIQ,جون كينيدي | الدحيح,yc7x5jNhXIQ_Q128,كيف صيغت العبارة هنا؟,كان بينتقد العزلة الأمريكية،,Medium,كان بينتقد العزله الامريكي ،,كيف صيغت العباره هنا ؟,True
yc7x5jNhXIQ,جون كينيدي | الدحيح,yc7x5jNhXIQ_Q129,ما الذي قيل في هذا الجزء؟,لا، دا بيهدد العالّم كله؟!,Easy,لا ، دا بيهدد العالم كله ؟ !,ما الذي قيل في هذا الجزء ؟,True
yc7x5jNhXIQ,جون كينيدي | الدحيح,yc7x5jNhXIQ_Q130,ما النص الحرفي المذكور في هذه الفقرة؟,لحد سنة 1944،,Medium,لحد سنه 1944 ،,ما النص الحرفي المذكور في هذه الفقره ؟,True
yc7x5jNhXIQ,جون كينيدي | الدحيح,yc7x5jNhXIQ_Q131,ماذا ورد في هذا الموضع من النص؟,"بتنتهي، يا عزيزي، بوفاة أخوه ""جو جونيور"".",Easy,بتنتهي ، يا عزيزي ، بوفاه اخوه جو جونيور .,ماذا ورد في هذا الموضع من النص ؟,True
yc7x5jNhXIQ,جون كينيدي | الدحيح,yc7x5jNhXIQ_Q132,ما الجملة المذكورة في هذا السياق؟,كانت في مهمة انتحارية،,Medium,كانت في مهمه انتحاريه ،,ما الجمله المذكوره في هذا السياق ؟,True
yc7x5jNhXIQ,جون كينيدي | الدحيح,yc7x5jNhXIQ_Q133,كيف صيغت العبارة هنا؟,قبل ما يلحق ينُط منها،,Easy,قبل ما يلحق ينط منها ،,كيف صيغت العباره هنا ؟,True
yc7x5jNhXIQ,جون كينيدي | الدحيح,yc7x5jNhXIQ_Q134,ما الذي قيل في هذا الجزء؟,"في إنه يبقى عنده ابن رئيس ""أمريكا"" القادم،",Medium,في انه يبقي عنده ابن رييس امريكا القادم ،,ما الذي قيل في هذا الجزء ؟,True
yc7x5jNhXIQ,جون كينيدي | الدحيح,yc7x5jNhXIQ_Q135,ما النص الحرفي المذكور في هذه الفقرة؟,"عن الحلم الأمريكي، اللي أنا كنت مربّيه!""",Easy,عن الحلم الامريكي ، اللي انا كنت مربيه !,ما النص الحرفي المذكور في هذه الفقره ؟,True
yc7x5jNhXIQ,جون كينيدي | الدحيح,yc7x5jNhXIQ_Q136,ماذا ورد في هذا الموضع من النص؟,نجح إنه ينقذ الباقيين اللي معاه.,Medium,نجح انه ينقذ الباقيين اللي معاه .,ماذا ورد في هذا الموضع من النص ؟,True
yc7x5jNhXIQ,جون كينيدي | الدحيح,yc7x5jNhXIQ_Q137,ما الجملة المذكورة في هذا السياق؟,في كل الصحف بعنوان:,Easy,في كل الصحف بعنوان:,ما الجمله المذكوره في هذا السياق ؟,True
yc7x5jNhXIQ,جون كينيدي | الدحيح,yc7x5jNhXIQ_Q138,كيف صيغت العبارة هنا؟,اسم الله عليه، اسم الله عليه!,Medium,اسم الله عليه ، اسم الله عليه !,كيف صيغت العباره هنا ؟,True
yc7x5jNhXIQ,جون كينيدي | الدحيح,yc7x5jNhXIQ_Q139,ما الذي قيل في هذا الجزء؟,كانت مغطية على بعض الحقايق  في هذه الحادثة،,Easy,كانت مغطيه علي بعض الحقايق في هذه الحادثه ،,ما الذي قيل في هذا الجزء ؟,True
yc7x5jNhXIQ,جون كينيدي | الدحيح,yc7x5jNhXIQ_Q140,ما النص الحرفي المذكور في هذه الفقرة؟,كان المفروض هو اللي يغرّقه،,Medium,كان المفروض هو اللي يغرقه ،,ما النص الحرفي المذكور في هذه الفقره ؟,True
yc7x5jNhXIQ,جون كينيدي | الدحيح,yc7x5jNhXIQ_Q141,ماذا ورد في هذا الموضع من النص؟,"على أمراض ""جون"" الجسدية،",Easy,علي امراض جون الجسديه ،,ماذا ورد في هذا الموضع من النص ؟,True
yc7x5jNhXIQ,جون كينيدي | الدحيح,yc7x5jNhXIQ_Q142,ما الجملة المذكورة في هذا السياق؟,والملاريا والعملية بتاعة الزورق،,Medium,والملاريا والعمليه بتاعه الزورق ،,ما الجمله المذكوره في هذا السياق ؟,True
yc7x5jNhXIQ,جون كينيدي | الدحيح,yc7x5jNhXIQ_Q143,كيف صيغت العبارة هنا؟,"""ابني بطل، ابني بطل.""",Easy,ابني بطل ، ابني بطل .,كيف صيغت العباره هنا ؟,True
yc7x5jNhXIQ,جون كينيدي | الدحيح,yc7x5jNhXIQ_Q144,ما الذي قيل في هذا الجزء؟,قبل أن يكون هُناك لجان إلكترونية!,Medium,قبل ان يكون هناك لجان الكترونيه !,ما الذي قيل في هذا الجزء ؟,True
yc7x5jNhXIQ,جون كينيدي | الدحيح,yc7x5jNhXIQ_Q145,ما النص الحرفي المذكور في هذه الفقرة؟,"لحد ما يدخل الـ""كونجرس""،",Easy,لحد ما يدخل الكونجرس ،,ما النص الحرفي المذكور في هذه الفقره ؟,True
yc7x5jNhXIQ,جون كينيدي | الدحيح,yc7x5jNhXIQ_Q146,ماذا ورد في هذا الموضع من النص؟,بصورة الشاب الوسيم،,Medium,بصوره الشاب الوسيم ،,ماذا ورد في هذا الموضع من النص ؟,True
yc7x5jNhXIQ,جون كينيدي | الدحيح,yc7x5jNhXIQ_Q147,ما الجملة المذكورة في هذا السياق؟,واقف أمامنا بالمسكّنات والكورتيزون،,Easy,واقف امامنا بالمسكنات والكورتيزون ،,ما الجمله المذكوره في هذا السياق ؟,True
yc7x5jNhXIQ,جون كينيدي | الدحيح,yc7x5jNhXIQ_Q148,كيف صيغت العبارة هنا؟,ماشي بشنطة الأدوية!,Medium,ماشي بشنطه الادويه !,كيف صيغت العباره هنا ؟,True
yc7x5jNhXIQ,جون كينيدي | الدحيح,yc7x5jNhXIQ_Q149,ما الذي قيل في هذا الجزء؟,ليس مفروشًا بالورود،,Easy,ليس مفروشا بالورود ،,ما الذي قيل في هذا الجزء ؟,True
yc7x5jNhXIQ,جون كينيدي | الدحيح,yc7x5jNhXIQ_Q150,ما النص الحرفي المذكور في هذه الفقرة؟,كان أشبه بقُمار،,Medium,كان اشبه بقمار ،,ما النص الحرفي المذكور في هذه الفقره ؟,True
yc7x5jNhXIQ,جون كينيدي | الدحيح,yc7x5jNhXIQ_Q151,ماذا ورد في هذا الموضع من النص؟,فهم المزاج الأمريكي في اللحظة دي،,Easy,فهم المزاج الامريكي في اللحظه دي ،,ماذا ورد في هذا الموضع من النص ؟,True
yc7x5jNhXIQ,جون كينيدي | الدحيح,yc7x5jNhXIQ_Q152,ما الجملة المذكورة في هذا السياق؟,اللي احنا عايشينه دا،,Medium,اللي احنا عايشينه دا ،,ما الجمله المذكوره في هذا السياق ؟,True
yc7x5jNhXIQ,جون كينيدي | الدحيح,yc7x5jNhXIQ_Q153,كيف صيغت العبارة هنا؟,بمظهر ليّن ومتساهل مع الشيوعية،,Easy,بمظهر لين ومتساهل مع الشيوعي ،,كيف صيغت العباره هنا ؟,True
yc7x5jNhXIQ,جون كينيدي | الدحيح,yc7x5jNhXIQ_Q154,ما الذي قيل في هذا الجزء؟,"قبل ما تبدأ.""",Medium,قبل ما تبدا .,ما الذي قيل في هذا الجزء ؟,True
yc7x5jNhXIQ,جون كينيدي | الدحيح,yc7x5jNhXIQ_Q155,ما النص الحرفي المذكور في هذه الفقرة؟,"إدارة ""أيزنهاور""، إدارة ""نيكسون""،",Easy,اداره ايزنهاور ، اداره نيكسون ،,ما النص الحرفي المذكور في هذه الفقره ؟,True
yc7x5jNhXIQ,جون كينيدي | الدحيح,yc7x5jNhXIQ_Q156,ماذا ورد في هذا الموضع من النص؟,هتغيّر السباق كله لصالحه.,Medium,هتغير السباق كله لصالحه .,ماذا ورد في هذا الموضع من النص ؟,True
yc7x5jNhXIQ,جون كينيدي | الدحيح,yc7x5jNhXIQ_Q157,ما الجملة المذكورة في هذا السياق؟,من آخر مكان تتوقعه آنذاك،,Easy,من اخر مكان تتوقعه انذاك ،,ما الجمله المذكوره في هذا السياق ؟,True
yc7x5jNhXIQ,جون كينيدي | الدحيح,yc7x5jNhXIQ_Q158,كيف صيغت العبارة هنا؟,"على أول مناظرة رئاسية في تاريخ ""أمريكا""،",Medium,علي اول مناظره رياسيه في تاريخ امريكا ،,كيف صيغت العباره هنا ؟,True
yc7x5jNhXIQ,جون كينيدي | الدحيح,yc7x5jNhXIQ_Q159,ما الذي قيل في هذا الجزء؟,وباين عليه الإراهق،,Easy,وباين عليه الاراهق ،,ما الذي قيل في هذا الجزء ؟,True
yc7x5jNhXIQ,جون كينيدي | الدحيح,yc7x5jNhXIQ_Q160,ما النص الحرفي المذكور في هذه الفقرة؟,خلّى ملايين الأمريكان يحسموا اختيارهم،,Medium,خلي ملايين الامريكان يحسموا اختيارهم ،,ما النص الحرفي المذكور في هذه الفقره ؟,True
yc7x5jNhXIQ,جون كينيدي | الدحيح,yc7x5jNhXIQ_Q161,ماذا ورد في هذا الموضع من النص؟,كانت قبل الانتخابات بأسبوعين،,Easy,كانت قبل الانتخابات باسبوعين ،,ماذا ورد في هذا الموضع من النص ؟,True
yc7x5jNhXIQ,جون كينيدي | الدحيح,yc7x5jNhXIQ_Q162,ما الجملة المذكورة في هذا السياق؟,من غير تهمة حقيقية،,Medium,من غير تهمه حقيقيه ،,ما الجمله المذكوره في هذا السياق ؟,True
yc7x5jNhXIQ,جون كينيدي | الدحيح,yc7x5jNhXIQ_Q163,كيف صيغت العبارة هنا؟,"وبيقولوله: ""انت عملت خرق لشروط الإفراج،",Easy,وبيقولوله: انت عملت خرق لشروط الافراج ،,كيف صيغت العباره هنا ؟,True
yc7x5jNhXIQ,جون كينيدي | الدحيح,yc7x5jNhXIQ_Q164,ما الذي قيل في هذا الجزء؟,"مش تروح تخربها في المرور!""",Medium,مش تروح تخربها في المرور !,ما الذي قيل في هذا الجزء ؟,True
yc7x5jNhXIQ,جون كينيدي | الدحيح,yc7x5jNhXIQ_Q165,ما النص الحرفي المذكور في هذه الفقرة؟,راح حاكم عليه بـ4 شهور سجن،,Easy,راح حاكم عليه ب 4 شهور سجن ،,ما النص الحرفي المذكور في هذه الفقره ؟,True
yc7x5jNhXIQ,جون كينيدي | الدحيح,yc7x5jNhXIQ_Q166,ماذا ورد في هذا الموضع من النص؟,خرجت عشان تطلب المساعدة،,Medium,خرجت عشان تطلب المساعده ،,ماذا ورد في هذا الموضع من النص ؟,True
yc7x5jNhXIQ,جون كينيدي | الدحيح,yc7x5jNhXIQ_Q167,ما الجملة المذكورة في هذا السياق؟,"لـ""مارتن لوثر كينج"".",Easy,لمارتن لوثر كينج .,ما الجمله المذكوره في هذا السياق ؟,True
yc7x5jNhXIQ,جون كينيدي | الدحيح,yc7x5jNhXIQ_Q168,كيف صيغت العبارة هنا؟,قرر إنه ياخد موقف إيجابي،,Medium,قرر انه ياخد موقف ايجابي ،,كيف صيغت العباره هنا ؟,True
yc7x5jNhXIQ,جون كينيدي | الدحيح,yc7x5jNhXIQ_Q169,ما الذي قيل في هذا الجزء؟,"من وضعك ووضع الدكتور (كينج)، جوزك.""",Easy,من وضعك ووضع الدكتور ، جوزك .,ما الذي قيل في هذا الجزء ؟,True
yc7x5jNhXIQ,جون كينيدي | الدحيح,yc7x5jNhXIQ_Q170,ما النص الحرفي المذكور في هذه الفقرة؟,"ويساعد ""مارتن لوثر كينج""،",Medium,ويساعد مارتن لوثر كينج ،,ما النص الحرفي المذكور في هذه الفقره ؟,True
yc7x5jNhXIQ,جون كينيدي | الدحيح,yc7x5jNhXIQ_Q171,ماذا ورد في هذا الموضع من النص؟,"و""شكرًا يا عم (جون كينيدي).""",Easy,وشكرا يا عم .,ماذا ورد في هذا الموضع من النص ؟,True
yc7x5jNhXIQ,جون كينيدي | الدحيح,yc7x5jNhXIQ_Q172,ما الجملة المذكورة في هذا السياق؟,"بيصوتوا لـ""جون إف. كينيدي""،",Medium,بيصوتوا لجون اف . كينيدي ،,ما الجمله المذكوره في هذا السياق ؟,True
yc7x5jNhXIQ,جون كينيدي | الدحيح,yc7x5jNhXIQ_Q173,كيف صيغت العبارة هنا؟,"على اللي بيحصل في ""إلينوي""،",Easy,علي اللي بيحصل في الينوي ،,كيف صيغت العباره هنا ؟,True
yc7x5jNhXIQ,جون كينيدي | الدحيح,yc7x5jNhXIQ_Q174,ما الذي قيل في هذا الجزء؟,"اللي كان ناوي يدّي صوته لـ""نيكسون""،",Medium,اللي كان ناوي يدي صوته لنيكسون ،,ما الذي قيل في هذا الجزء ؟,True
yc7x5jNhXIQ,جون كينيدي | الدحيح,yc7x5jNhXIQ_Q175,ما النص الحرفي المذكور في هذه الفقرة؟,والآن أعرف مَن هو رئيسي.,Easy,والان اعرف من هو رييسي .,ما النص الحرفي المذكور في هذه الفقره ؟,True
yc7x5jNhXIQ,جون كينيدي | الدحيح,yc7x5jNhXIQ_Q176,ماذا ورد في هذا الموضع من النص؟,اعترف بعدها بسنتين،,Medium,اعترف بعدها بسنتين ،,ماذا ورد في هذا الموضع من النص ؟,True
yc7x5jNhXIQ,جون كينيدي | الدحيح,yc7x5jNhXIQ_Q177,ما الجملة المذكورة في هذا السياق؟,إن هُما يغيّروا نتيجة الانتخابات.,Easy,ان هما يغيروا نتيجه الانتخابات .,ما الجمله المذكوره في هذا السياق ؟,True
yc7x5jNhXIQ,جون كينيدي | الدحيح,yc7x5jNhXIQ_Q178,كيف صيغت العبارة هنا؟,"تُعرف باسم ""الآفاق الجديدة""،",Medium,تعرف باسم الافاق الجديده ،,كيف صيغت العباره هنا ؟,True
yc7x5jNhXIQ,جون كينيدي | الدحيح,yc7x5jNhXIQ_Q179,ما الذي قيل في هذا الجزء؟,كانوا اختبارات شديدة الصعوبة،,Easy,كانوا اختبارات شديده الصعوبه ،,ما الذي قيل في هذا الجزء ؟,True
yc7x5jNhXIQ,جون كينيدي | الدحيح,yc7x5jNhXIQ_Q180,ما النص الحرفي المذكور في هذه الفقرة؟,"كانت أزمة ""خليج الخنازير"" سنة 1961،",Medium,كانت ازمه خليج الخنازير سنه 1961 ،,ما النص الحرفي المذكور في هذه الفقره ؟,True
yc7x5jNhXIQ,جون كينيدي | الدحيح,yc7x5jNhXIQ_Q181,ماذا ورد في هذا الموضع من النص؟,"إنها تخش ""كوبا"" وتُسقِط ""كاسترو""،",Easy,انها تخش كوبا وتسقط كاسترو ،,ماذا ورد في هذا الموضع من النص ؟,True
yc7x5jNhXIQ,جون كينيدي | الدحيح,yc7x5jNhXIQ_Q182,ما الجملة المذكورة في هذا السياق؟,"شوية قلق داخلي، وهوبا، هيطير!""",Medium,شويه قلق داخلي ، وهوبا ، هيطير !,ما الجمله المذكوره في هذا السياق ؟,True
yc7x5jNhXIQ,جون كينيدي | الدحيح,yc7x5jNhXIQ_Q183,كيف صيغت العبارة هنا؟,وتحولت إلى فضيحة كاملة،,Easy,وتحولت الي فضيحه كامله ،,كيف صيغت العباره هنا ؟,True
yc7x5jNhXIQ,جون كينيدي | الدحيح,yc7x5jNhXIQ_Q184,ما الذي قيل في هذا الجزء؟,"و""كينيدي"" طلع يعترف بالفضيحة قُدّام العالم،",Medium,وكينيدي طلع يعترف بالفضيحه قدام العالم ،,ما الذي قيل في هذا الجزء ؟,True
yc7x5jNhXIQ,جون كينيدي | الدحيح,yc7x5jNhXIQ_Q185,ما النص الحرفي المذكور في هذه الفقرة؟,متعلّم الدرس كويس،,Easy,متعلم الدرس كويس ،,ما النص الحرفي المذكور في هذه الفقره ؟,True
yc7x5jNhXIQ,جون كينيدي | الدحيح,yc7x5jNhXIQ_Q186,ماذا ورد في هذا الموضع من النص؟,"مش هشتريه أوي!""",Medium,مش هشتريه اوي !,ماذا ورد في هذا الموضع من النص ؟,True
yc7x5jNhXIQ,جون كينيدي | الدحيح,yc7x5jNhXIQ_Q187,ما الجملة المذكورة في هذا السياق؟,"كان في قمة ""فيينا"" 1961،",Easy,كان في قمه فيينا 1961 ،,ما الجمله المذكوره في هذا السياق ؟,True
yc7x5jNhXIQ,جون كينيدي | الدحيح,yc7x5jNhXIQ_Q188,كيف صيغت العبارة هنا؟,"الزعيم السوفييتي ""نيكيتا خورتشوف""،",Medium,الزعيم السوفييتي نيكيتا وخورتشوف ،,كيف صيغت العباره هنا ؟,True
yc7x5jNhXIQ,جون كينيدي | الدحيح,yc7x5jNhXIQ_Q189,ما الذي قيل في هذا الجزء؟,"الراجل دا كان قاعد جنب ""ستالين""،",Easy,الراجل دا كان قاعد جنب ستالين ،,ما الذي قيل في هذا الجزء ؟,True
yc7x5jNhXIQ,جون كينيدي | الدحيح,yc7x5jNhXIQ_Q190,ما النص الحرفي المذكور في هذه الفقرة؟,حاسس إن هو شاب، لا مؤاخذة، طري،,Medium,حاسس ان هو شاب ، لا مواخذه ، طري ،,ما النص الحرفي المذكور في هذه الفقره ؟,True
yc7x5jNhXIQ,جون كينيدي | الدحيح,yc7x5jNhXIQ_Q191,ماذا ورد في هذا الموضع من النص؟,"من غير ما أقولّك، يا لا، أنا ما أعرفكش!""",Easy,من غير ما اقولك ، يا لا ، انا ما اعرفكش !,ماذا ورد في هذا الموضع من النص ؟,True
yc7x5jNhXIQ,جون كينيدي | الدحيح,yc7x5jNhXIQ_Q192,ما الجملة المذكورة في هذا السياق؟,"""نيكيتا"" هيختبر ""كينيدي"" اختبار تاني،",Medium,نيكيتا هيختبر كينيدي اختبار تاني ،,ما الجمله المذكوره في هذا السياق ؟,True
yc7x5jNhXIQ,جون كينيدي | الدحيح,yc7x5jNhXIQ_Q193,كيف صيغت العبارة هنا؟,في المشروع،,Easy,في المشروع ،,كيف صيغت العباره هنا ؟,True
yc7x5jNhXIQ,جون كينيدي | الدحيح,yc7x5jNhXIQ_Q194,ما الذي قيل في هذا الجزء؟,للسلاح النووي كسلاح مُهدِّد،,Medium,للسلاح النووي كسلاح مهدد ،,ما الذي قيل في هذا الجزء ؟,True
yc7x5jNhXIQ,جون كينيدي | الدحيح,yc7x5jNhXIQ_Q195,ما النص الحرفي المذكور في هذه الفقرة؟,على استراتيجيات مرنة،,Easy,علي استراتيجيات مرنه ،,ما النص الحرفي المذكور في هذه الفقره ؟,True
yc7x5jNhXIQ,جون كينيدي | الدحيح,yc7x5jNhXIQ_Q196,ماذا ورد في هذا الموضع من النص؟,"""كينيدي"" بيوجّه إنذار صريح،",Medium,كينيدي بيوجه انذار صريح ،,ماذا ورد في هذا الموضع من النص ؟,True
yc7x5jNhXIQ,جون كينيدي | الدحيح,yc7x5jNhXIQ_Q197,ما الجملة المذكورة في هذا السياق؟,إن هو هيسحب الصواريخ،,Easy,ان هو هيسحب الصواريخ ،,ما الجمله المذكوره في هذا السياق ؟,True
yc7x5jNhXIQ,جون كينيدي | الدحيح,yc7x5jNhXIQ_Q198,كيف صيغت العبارة هنا؟,صواريخكم الأمريكية من (تركيا).,Medium,صواريخكم الامريكي من .,كيف صيغت العباره هنا ؟,True
yc7x5jNhXIQ,جون كينيدي | الدحيح,yc7x5jNhXIQ_Q199,ما الذي قيل في هذا الجزء؟,مش بتهدد الأمن القومي لـ(حلوان)!,Easy,مش بتهدد الامن القومي ل !,ما الذي قيل في هذا الجزء ؟,True
yc7x5jNhXIQ,جون كينيدي | الدحيح,yc7x5jNhXIQ_Q200,ما النص الحرفي المذكور في هذه الفقرة؟,"حلّق على الوضع الإقليمي!""",Medium,حلق علي الوضع الاقليمي !,ما النص الحرفي المذكور في هذه الفقره ؟,True
yc7x5jNhXIQ,جون كينيدي | الدحيح,yc7x5jNhXIQ_Q201,ماذا ورد في هذا الموضع من النص؟,"""كينيدي"" بيقولّه: ""أنا موافق.",Easy,كينيدي بيقوله: انا موافق .,ماذا ورد في هذا الموضع من النص ؟,True
yc7x5jNhXIQ,جون كينيدي | الدحيح,yc7x5jNhXIQ_Q202,ما الجملة المذكورة في هذا السياق؟,يعني، عشان احنا دولة ديمقراطية،,Medium,يعني ، عشان احنا دوله ديمقراطيه ،,ما الجمله المذكوره في هذا السياق ؟,True
yc7x5jNhXIQ,جون كينيدي | الدحيح,yc7x5jNhXIQ_Q203,كيف صيغت العبارة هنا؟,"مش هنقول in public إن دا حصل.""",Easy,مش هنقول in public ان دا حصل .,كيف صيغت العباره هنا ؟,True
yc7x5jNhXIQ,جون كينيدي | الدحيح,yc7x5jNhXIQ_Q204,ما الذي قيل في هذا الجزء؟,على حافة الفَناء النووي، بتنتهي الأزمة،,Medium,علي حافه الفناء النووي ، بتنتهي الازمه ،,ما الذي قيل في هذا الجزء ؟,True
yc7x5jNhXIQ,جون كينيدي | الدحيح,yc7x5jNhXIQ_Q205,ما النص الحرفي المذكور في هذه الفقرة؟,حوّل الأزمة دي لصالحه،,Easy,حول الازمه دي لصالحه ،,ما النص الحرفي المذكور في هذه الفقره ؟,True
yc7x5jNhXIQ,جون كينيدي | الدحيح,yc7x5jNhXIQ_Q206,ماذا ورد في هذا الموضع من النص؟,هو اللي أنقذ هذا الكوكب.,Medium,هو اللي انقذ هذا الكوكب .,ماذا ورد في هذا الموضع من النص ؟,True
yc7x5jNhXIQ,جون كينيدي | الدحيح,yc7x5jNhXIQ_Q207,ما الجملة المذكورة في هذا السياق؟,في إن تطفّي الحرب الباردة،,Easy,في ان تطفي الحرب البارده ،,ما الجمله المذكوره في هذا السياق ؟,True
yc7x5jNhXIQ,جون كينيدي | الدحيح,yc7x5jNhXIQ_Q208,كيف صيغت العبارة هنا؟,اللي والعة في المطبخ عندك جوا؟!,Medium,اللي والعه في المطبخ عندك جوا ؟ !,كيف صيغت العباره هنا ؟,True
yc7x5jNhXIQ,جون كينيدي | الدحيح,yc7x5jNhXIQ_Q209,ما الذي قيل في هذا الجزء؟,إن هُما على الأقل ساهموا بشكل كبير,Easy,ان هما علي الاقل ساهموا بشكل كبير,ما الذي قيل في هذا الجزء ؟,True
yc7x5jNhXIQ,جون كينيدي | الدحيح,yc7x5jNhXIQ_Q210,ما النص الحرفي المذكور في هذه الفقرة؟,الجنوبيين اللي ممكن يبقوا عنصريين شوية،,Medium,الجنوبيين اللي ممكن يبقوا عنصريين شويه ،,ما النص الحرفي المذكور في هذه الفقره ؟,True
yc7x5jNhXIQ,جون كينيدي | الدحيح,yc7x5jNhXIQ_Q211,ماذا ورد في هذا الموضع من النص؟,مش كسبان طرف للآخر!,Easy,مش كسبان طرف للاخر !,ماذا ورد في هذا الموضع من النص ؟,True
yc7x5jNhXIQ,جون كينيدي | الدحيح,yc7x5jNhXIQ_Q212,ما الجملة المذكورة في هذا السياق؟,في خطوات صغيرة،,Medium,في خطوات صغيره ،,ما الجمله المذكوره في هذا السياق ؟,True
yc7x5jNhXIQ,جون كينيدي | الدحيح,yc7x5jNhXIQ_Q213,كيف صيغت العبارة هنا؟,"بـ""قلعة العنصرية""،",Easy,بقلعه العنصريه ،,كيف صيغت العباره هنا ؟,True
yc7x5jNhXIQ,جون كينيدي | الدحيح,yc7x5jNhXIQ_Q214,ما الذي قيل في هذا الجزء؟,كان لقبها bombingham!,Medium,كان لقبها bombingham !,ما الذي قيل في هذا الجزء ؟,True
yc7x5jNhXIQ,جون كينيدي | الدحيح,yc7x5jNhXIQ_Q215,ما النص الحرفي المذكور في هذه الفقرة؟,يقود معركة في قلب هذه القلعة،,Easy,يقود معركه في قلب هذه القلعه ،,ما النص الحرفي المذكور في هذه الفقره ؟,True
yc7x5jNhXIQ,جون كينيدي | الدحيح,yc7x5jNhXIQ_Q216,ماذا ورد في هذا الموضع من النص؟,إن لو العدالة اتحققت في المكان دا،,Medium,ان لو العداله اتحققت في المكان دا ،,ماذا ورد في هذا الموضع من النص ؟,True
yc7x5jNhXIQ,جون كينيدي | الدحيح,yc7x5jNhXIQ_Q217,ما الجملة المذكورة في هذا السياق؟,وشها الحقيقي أمام الكاميرات.,Easy,وشها الحقيقي امام الكاميرات .,ما الجمله المذكوره في هذا السياق ؟,True
yc7x5jNhXIQ,جون كينيدي | الدحيح,yc7x5jNhXIQ_Q218,كيف صيغت العبارة هنا؟,لحد ما بنوصل لـ3 مايو 1963،,Medium,لحد ما بنوصل ل 3 مايو 1963 ،,كيف صيغت العباره هنا ؟,True
yc7x5jNhXIQ,جون كينيدي | الدحيح,yc7x5jNhXIQ_Q219,ما الذي قيل في هذا الجزء؟,خراطيم ميّه قوية جدًا على الناس،,Easy,خراطيم ميه قويه جدا علي الناس ،,ما الذي قيل في هذا الجزء ؟,True
yc7x5jNhXIQ,جون كينيدي | الدحيح,yc7x5jNhXIQ_Q220,ما النص الحرفي المذكور في هذه الفقرة؟,يطيروا في الهوا!,Medium,يطيروا في الهوا !,ما النص الحرفي المذكور في هذه الفقره ؟,True
yc7x5jNhXIQ,جون كينيدي | الدحيح,yc7x5jNhXIQ_Q221,ماذا ورد في هذا الموضع من النص؟,بتتجمّع حواليه وتنهش في لحمه!,Easy,بتتجمع حواليه وتنهش في لحمه !,ماذا ورد في هذا الموضع من النص ؟,True
yc7x5jNhXIQ,جون كينيدي | الدحيح,yc7x5jNhXIQ_Q222,ما الجملة المذكورة في هذا السياق؟,وهو ثابت تمامًا،,Medium,وهو ثابت تماما ،,ما الجمله المذكوره في هذا السياق ؟,True
yc7x5jNhXIQ,جون كينيدي | الدحيح,yc7x5jNhXIQ_Q223,كيف صيغت العبارة هنا؟,فاتح بُقه ناحية بطنه،,Easy,فاتح بقه ناحيه بطنه ،,كيف صيغت العباره هنا ؟,True
yc7x5jNhXIQ,جون كينيدي | الدحيح,yc7x5jNhXIQ_Q224,ما الذي قيل في هذا الجزء؟,"في الصفحة الأولى لـ""النيويورك تايمز""،",Medium,في الصفحه الاولي لالنيويورك تايمز ،,ما الذي قيل في هذا الجزء ؟,True
yc7x5jNhXIQ,جون كينيدي | الدحيح,yc7x5jNhXIQ_Q225,ما النص الحرفي المذكور في هذه الفقرة؟,"إن الصورة دي توجّع ""أمريكا"" أكتر من أي حرب!",Easy,ان الصوره دي توجع امريكا اكتر من اي حرب !,ما النص الحرفي المذكور في هذه الفقره ؟,True
yc7x5jNhXIQ,جون كينيدي | الدحيح,yc7x5jNhXIQ_Q226,ماذا ورد في هذا الموضع من النص؟,"""السكوت لم يعُد اختيار.""",Medium,السكوت لم يعد اختيار .,ماذا ورد في هذا الموضع من النص ؟,True
yc7x5jNhXIQ,جون كينيدي | الدحيح,yc7x5jNhXIQ_Q227,ما الجملة المذكورة في هذا السياق؟,أو يبعت لولاده لأحسن مدرسة ممكنة،,Easy,او يبعت لولاده لاحسن مدرسه ممكنه ،,ما الجمله المذكوره في هذا السياق ؟,True
yc7x5jNhXIQ,جون كينيدي | الدحيح,yc7x5jNhXIQ_Q228,كيف صيغت العبارة هنا؟,"""جون لويس""، هيخرج ويقول...",Medium,جون لويس ، هيخرج ويقول...,كيف صيغت العباره هنا ؟,True
yc7x5jNhXIQ,جون كينيدي | الدحيح,yc7x5jNhXIQ_Q229,ما الذي قيل في هذا الجزء؟,عن مشروع قانون شامل للحقوق المدنية،,Easy,عن مشروع قانون شامل للحقوق المدنيه ،,ما الذي قيل في هذا الجزء ؟,True
yc7x5jNhXIQ,جون كينيدي | الدحيح,yc7x5jNhXIQ_Q230,ما النص الحرفي المذكور في هذه الفقرة؟,ما فيش فصل بين البيض والسود،,Medium,ما فيش فصل بين البيض والسود ،,ما النص الحرفي المذكور في هذه الفقره ؟,True
yc7x5jNhXIQ,جون كينيدي | الدحيح,yc7x5jNhXIQ_Q231,ماذا ورد في هذا الموضع من النص؟,"عشان تقدر تلاحق الجرايم العنصرية.""",Easy,عشان تقدر تلاحق الجرايم العنصريه .,ماذا ورد في هذا الموضع من النص ؟,True
yc7x5jNhXIQ,جون كينيدي | الدحيح,yc7x5jNhXIQ_Q232,ما الجملة المذكورة في هذا السياق؟,"إن ""كينيدي"" كان أول رئيس أمريكي",Medium,ان كينيدي كان اول رييس امريكي,ما الجمله المذكوره في هذا السياق ؟,True
yc7x5jNhXIQ,جون كينيدي | الدحيح,yc7x5jNhXIQ_Q233,كيف صيغت العبارة هنا؟,"كان ""أبراهام لينكولن""،",Easy,كان ابراهام لينكولن ،,كيف صيغت العباره هنا ؟,True
yc7x5jNhXIQ,جون كينيدي | الدحيح,yc7x5jNhXIQ_Q234,ما الذي قيل في هذا الجزء؟,رد العنصريين كان شديد القسوة،,Medium,رد العنصريين كان شديد القسوه ،,ما الذي قيل في هذا الجزء ؟,True
yc7x5jNhXIQ,جون كينيدي | الدحيح,yc7x5jNhXIQ_Q235,ما النص الحرفي المذكور في هذه الفقرة؟,بيتقتل قُدّام بيته!,Easy,بيتقتل قدام بيته !,ما النص الحرفي المذكور في هذه الفقره ؟,True
yc7x5jNhXIQ,جون كينيدي | الدحيح,yc7x5jNhXIQ_Q236,ماذا ورد في هذا الموضع من النص؟,من أكبر مسيرات المساواة في التاريخ،,Medium,من اكبر مسيرات المساواه في التاريخ ،,ماذا ورد في هذا الموضع من النص ؟,True
yc7x5jNhXIQ,جون كينيدي | الدحيح,yc7x5jNhXIQ_Q237,ما الجملة المذكورة في هذا السياق؟,"""مارتن لوثر كينج"" بيقول خطابه الأشهر،",Easy,مارتن لوثر كينج بيقول خطابه الاشهر ،,ما الجمله المذكوره في هذا السياق ؟,True
yc7x5jNhXIQ,جون كينيدي | الدحيح,yc7x5jNhXIQ_Q238,كيف صيغت العبارة هنا؟,"بتنفجر كنيسة في ""برمنجهام""،",Medium,بتنفجر كنيسه في برمنجهام ،,كيف صيغت العباره هنا ؟,True
yc7x5jNhXIQ,جون كينيدي | الدحيح,yc7x5jNhXIQ_Q239,ما الذي قيل في هذا الجزء؟,بتشوف وشّها الحقيقي لأول مرة،,Easy,بتشوف وشها الحقيقي لاول مره ،,ما الذي قيل في هذا الجزء ؟,True
yc7x5jNhXIQ,جون كينيدي | الدحيح,yc7x5jNhXIQ_Q240,ما النص الحرفي المذكور في هذه الفقرة؟,ولسنا بلد الحريات،,Medium,ولسنا بلد الحريات ،,ما النص الحرفي المذكور في هذه الفقره ؟,True
yc7x5jNhXIQ,جون كينيدي | الدحيح,yc7x5jNhXIQ_Q241,ماذا ورد في هذا الموضع من النص؟,"لمجرد إن هُناك تغييرات حقيقية بتحصل!""",Easy,لمجرد ان هناك تغييرات حقيقيه بتحصل !,ماذا ورد في هذا الموضع من النص ؟,True
yc7x5jNhXIQ,جون كينيدي | الدحيح,yc7x5jNhXIQ_Q242,ما الجملة المذكورة في هذا السياق؟,صعب جدًا إن حرب نووية ما تحصلش فيه،,Medium,صعب جدا ان حرب نوويه ما تحصلش فيه ،,ما الجمله المذكوره في هذا السياق ؟,True
yc7x5jNhXIQ,جون كينيدي | الدحيح,yc7x5jNhXIQ_Q243,كيف صيغت العبارة هنا؟,ولكنه لسة مش عارف ينقذ بلده!,Easy,ولكنه لسه مش عارف ينقذ بلده !,كيف صيغت العباره هنا ؟,True
yc7x5jNhXIQ,جون كينيدي | الدحيح,yc7x5jNhXIQ_Q244,ما الذي قيل في هذا الجزء؟,"هو فترة الطُموح والثروة في ""أمريكا""،",Medium,هو فتره الطموح والثروه في امريكا ،,ما الذي قيل في هذا الجزء ؟,True
yc7x5jNhXIQ,جون كينيدي | الدحيح,yc7x5jNhXIQ_Q245,ما النص الحرفي المذكور في هذه الفقرة؟,والناحية التانية بقى، الثورة،,Easy,والناحيه والتانيه بقي ، الثوره ،,ما النص الحرفي المذكور في هذه الفقره ؟,True
yc7x5jNhXIQ,جون كينيدي | الدحيح,yc7x5jNhXIQ_Q246,ماذا ورد في هذا الموضع من النص؟,عاش في 22 بيت وهو طفل،,Medium,عاش في 22 بيت وهو طفل ،,ماذا ورد في هذا الموضع من النص ؟,True
yc7x5jNhXIQ,جون كينيدي | الدحيح,yc7x5jNhXIQ_Q247,ما الجملة المذكورة في هذا السياق؟,وعنده طاقة غضب كبيرة جدًا،,Easy,وعنده طاقه غضب كبيره جدا ،,ما الجمله المذكوره في هذا السياق ؟,True
yc7x5jNhXIQ,جون كينيدي | الدحيح,yc7x5jNhXIQ_Q248,كيف صيغت العبارة هنا؟,بسمات انفصامية،,Medium,بسمات انفصاميه ،,كيف صيغت العباره هنا ؟,True
yc7x5jNhXIQ,جون كينيدي | الدحيح,yc7x5jNhXIQ_Q249,ما الذي قيل في هذا الجزء؟,عايش في عالَم خيالي خاص بيه،,Easy,عايش في عالم خيالي خاص بيه ،,ما الذي قيل في هذا الجزء ؟,True
yc7x5jNhXIQ,جون كينيدي | الدحيح,yc7x5jNhXIQ_Q250,ما النص الحرفي المذكور في هذه الفقرة؟,ورجّعته تاني للحياة،,Medium,ورجعته تاني للحياه ،,ما النص الحرفي المذكور في هذه الفقره ؟,True
yc7x5jNhXIQ,جون كينيدي | الدحيح,yc7x5jNhXIQ_Q251,ماذا ورد في هذا الموضع من النص؟,"يقولّهم: ""أنا عايز أبقى معاكم،",Easy,يقولهم: انا عايز ابقي معاكم ،,ماذا ورد في هذا الموضع من النص ؟,True
yc7x5jNhXIQ,جون كينيدي | الدحيح,yc7x5jNhXIQ_Q252,ما الجملة المذكورة في هذا السياق؟,"اللي بتفسّر الفقر والنبذ اللي أنا عايش فيهم!""",Medium,اللي بتفسر الفقر والنبذ اللي انا عايش فيهم !,ما الجمله المذكوره في هذا السياق ؟,True
yc7x5jNhXIQ,جون كينيدي | الدحيح,yc7x5jNhXIQ_Q253,كيف صيغت العبارة هنا؟,"لمكان جديد، وهو الـ""مارينز"".",Easy,لمكان جديد ، وهو المارينز .,كيف صيغت العباره هنا ؟,True
yc7x5jNhXIQ,جون كينيدي | الدحيح,yc7x5jNhXIQ_Q254,ما الذي قيل في هذا الجزء؟,بيضرب نفسه بالنار في دراعه،,Medium,بيضرب نفسه بالنار في دراعه ،,ما الذي قيل في هذا الجزء ؟,True
yc7x5jNhXIQ,جون كينيدي | الدحيح,yc7x5jNhXIQ_Q255,ما النص الحرفي المذكور في هذه الفقرة؟,عشان يوقّف قرار نقل كان طلعله،,Easy,عشان يوقف قرار نقل كان طلعله ،,ما النص الحرفي المذكور في هذه الفقره ؟,True
yc7x5jNhXIQ,جون كينيدي | الدحيح,yc7x5jNhXIQ_Q256,ماذا ورد في هذا الموضع من النص؟,"مش عايز يروح (الفلبين)؟""",Medium,مش عايز يروح ؟,ماذا ورد في هذا الموضع من النص ؟,True
yc7x5jNhXIQ,جون كينيدي | الدحيح,yc7x5jNhXIQ_Q257,ما الجملة المذكورة في هذا السياق؟,دا ممكن يموّت نفسه.,Easy,دا ممكن يموت نفسه .,ما الجمله المذكوره في هذا السياق ؟,True
yc7x5jNhXIQ,جون كينيدي | الدحيح,yc7x5jNhXIQ_Q258,كيف صيغت العبارة هنا؟,شافوه شخص غريب الأطوار،,Medium,شافوه شخص غريب الاطوار ،,كيف صيغت العباره هنا ؟,True
yc7x5jNhXIQ,جون كينيدي | الدحيح,yc7x5jNhXIQ_Q259,ما الذي قيل في هذا الجزء؟,بيحيّي العلم معانا آه،,Easy,بيحيي العلم معانا اه ،,ما الذي قيل في هذا الجزء ؟,True
yc7x5jNhXIQ,جون كينيدي | الدحيح,yc7x5jNhXIQ_Q260,ما النص الحرفي المذكور في هذه الفقرة؟,وبيقرا لـ(كارل ماركس)!,Medium,وبيقرا ل !,ما النص الحرفي المذكور في هذه الفقره ؟,True
yc7x5jNhXIQ,جون كينيدي | الدحيح,yc7x5jNhXIQ_Q261,ماذا ورد في هذا الموضع من النص؟,"أنه مُحب للشيوعية! شيوعي!""",Easy,انه محب للشيوعيه ! شيوعي !,ماذا ورد في هذا الموضع من النص ؟,True
yc7x5jNhXIQ,جون كينيدي | الدحيح,yc7x5jNhXIQ_Q262,ما الجملة المذكورة في هذا السياق؟,زي ما دخله بالظبط،,Medium,زي ما دخله بالظبط ،,ما الجمله المذكوره في هذا السياق ؟,True
yc7x5jNhXIQ,جون كينيدي | الدحيح,yc7x5jNhXIQ_Q263,كيف صيغت العبارة هنا؟,"إن هو هيسيب ""أمريكا"" كلها،",Easy,ان هو هيسيب امريكا كلها ،,كيف صيغت العباره هنا ؟,True
yc7x5jNhXIQ,جون كينيدي | الدحيح,yc7x5jNhXIQ_Q264,ما الذي قيل في هذا الجزء؟,"""الاتحاد السوفييتي"".",Medium,الاتحاد السوفييتي .,ما الذي قيل في هذا الجزء ؟,True
yc7x5jNhXIQ,جون كينيدي | الدحيح,yc7x5jNhXIQ_Q265,ما النص الحرفي المذكور في هذه الفقرة؟,"وراح ""موسكو""،",Easy,وراح موسكو ،,ما النص الحرفي المذكور في هذه الفقره ؟,True
yc7x5jNhXIQ,جون كينيدي | الدحيح,yc7x5jNhXIQ_Q266,ماذا ورد في هذا الموضع من النص؟,في الجيش الأمريكي وعنده أفكار!,Medium,في الجيش الامريكي وعنده افكار !,ماذا ورد في هذا الموضع من النص ؟,True
yc7x5jNhXIQ,جون كينيدي | الدحيح,yc7x5jNhXIQ_Q267,ما الجملة المذكورة في هذا السياق؟,"وقالّهم: ""أنا عايز أشتغل معاكم.""",Easy,وقالهم: انا عايز اشتغل معاكم .,ما الجمله المذكوره في هذا السياق ؟,True
yc7x5jNhXIQ,جون كينيدي | الدحيح,yc7x5jNhXIQ_Q268,كيف صيغت العبارة هنا؟,"حد عايز يشتغل معانا!""",Medium,حد عايز يشتغل معانا !,كيف صيغت العباره هنا ؟,True
yc7x5jNhXIQ,جون كينيدي | الدحيح,yc7x5jNhXIQ_Q269,ما الذي قيل في هذا الجزء؟,في حمّام الفندق اللي نازل فيه،,Easy,في حمام الفندق اللي نازل فيه ،,ما الذي قيل في هذا الجزء ؟,True
yc7x5jNhXIQ,جون كينيدي | الدحيح,yc7x5jNhXIQ_Q270,ما النص الحرفي المذكور في هذه الفقرة؟,"نموذج للـ""بروباجندا""،",Medium,نموذج للبروباجندا ،,ما النص الحرفي المذكور في هذه الفقره ؟,True
yc7x5jNhXIQ,جون كينيدي | الدحيح,yc7x5jNhXIQ_Q271,ماذا ورد في هذا الموضع من النص؟,"إلى جنة الشيوعية.""",Easy,الي جنه الشيوعي .,ماذا ورد في هذا الموضع من النص ؟,True
yc7x5jNhXIQ,جون كينيدي | الدحيح,yc7x5jNhXIQ_Q272,ما الجملة المذكورة في هذا السياق؟,الراجل الشرير، اللي احنا ثُرنا عليه؟,Medium,الراجل الشرير ، اللي احنا ثرنا عليه ؟,ما الجمله المذكوره في هذا السياق ؟,True
yc7x5jNhXIQ,جون كينيدي | الدحيح,yc7x5jNhXIQ_Q273,كيف صيغت العبارة هنا؟,في الأرشيف عندنا، بنحترمه،,Easy,في الارشيف عندنا ، بنحترمه ،,كيف صيغت العباره هنا ؟,True
yc7x5jNhXIQ,جون كينيدي | الدحيح,yc7x5jNhXIQ_Q274,ما الذي قيل في هذا الجزء؟,"ولو جه متأخر، بنخصمله!""",Medium,ولو جه متاخر ، بنخصمله !,ما الذي قيل في هذا الجزء ؟,True
yc7x5jNhXIQ,جون كينيدي | الدحيح,yc7x5jNhXIQ_Q275,ما النص الحرفي المذكور في هذه الفقرة؟,ارجع شوف هذه الحلقة، بحبها جدًا!,Easy,ارجع شوف هذه الحلقه ، بحبها جدا !,ما النص الحرفي المذكور في هذه الفقره ؟,True
yc7x5jNhXIQ,جون كينيدي | الدحيح,yc7x5jNhXIQ_Q276,ماذا ورد في هذا الموضع من النص؟,"اسمها ""الإمبرطوار الأخير""،",Medium,اسمها الامبرطوار الاخير ،,ماذا ورد في هذا الموضع من النص ؟,True
yc7x5jNhXIQ,جون كينيدي | الدحيح,yc7x5jNhXIQ_Q277,ما الجملة المذكورة في هذا السياق؟,"إن بعد شهور، ""أوزوالد"" بيكتب في مذكراته",Easy,ان بعد شهور ، اوزوالد بيكتب في مذكراته,ما الجمله المذكوره في هذا السياق ؟,True
yc7x5jNhXIQ,جون كينيدي | الدحيح,yc7x5jNhXIQ_Q278,كيف صيغت العبارة هنا؟,لو كانت ظبطت weekend حلو، كانت كمّلت!,Medium,لو كانت ظبطت weekend حلو ، كانت كملت !,كيف صيغت العباره هنا ؟,True
yc7x5jNhXIQ,جون كينيدي | الدحيح,yc7x5jNhXIQ_Q279,ما الذي قيل في هذا الجزء؟,حطوا دي في الخطة اللي بعد كدا، إن شاء الله!,Easy,حطوا دي في الخطه اللي بعد كدا ، ان شاء الله !,ما الذي قيل في هذا الجزء ؟,True
yc7x5jNhXIQ,جون كينيدي | الدحيح,yc7x5jNhXIQ_Q280,ما النص الحرفي المذكور في هذه الفقرة؟,إن شاء الله، شوية ترفيه!,Medium,ان شاء الله ، شويه ترفيه !,ما النص الحرفي المذكور في هذه الفقره ؟,True
yc7x5jNhXIQ,جون كينيدي | الدحيح,yc7x5jNhXIQ_Q281,ماذا ورد في هذا الموضع من النص؟,"""جواكت"" أزرق في أحمر،",Easy,جواكت ازرق في احمر ،,ماذا ورد في هذا الموضع من النص ؟,True
yc7x5jNhXIQ,جون كينيدي | الدحيح,yc7x5jNhXIQ_Q282,ما الجملة المذكورة في هذا السياق؟,"في ""الاتحاد السوفييتي""،",Medium,في الاتحاد السوفييتي ،,ما الجمله المذكوره في هذا السياق ؟,True
yc7x5jNhXIQ,جون كينيدي | الدحيح,yc7x5jNhXIQ_Q283,كيف صيغت العبارة هنا؟,كان كسول وغير ملتزم تمامًا،,Easy,كان كسول وغير ملتزم تماما ،,كيف صيغت العباره هنا ؟,True
yc7x5jNhXIQ,جون كينيدي | الدحيح,yc7x5jNhXIQ_Q284,ما الذي قيل في هذا الجزء؟,الـHomesickness كان تاعبه،,Medium,ال homesickness كان تاعبه ،,ما الذي قيل في هذا الجزء ؟,True
yc7x5jNhXIQ,جون كينيدي | الدحيح,yc7x5jNhXIQ_Q285,ما النص الحرفي المذكور في هذه الفقرة؟,"قاعد بيسمع إذاعة ""صوت (أمريكا)""،",Easy,قاعد بيسمع اذاعه صوت ،,ما النص الحرفي المذكور في هذه الفقره ؟,True
yc7x5jNhXIQ,جون كينيدي | الدحيح,yc7x5jNhXIQ_Q286,ماذا ورد في هذا الموضع من النص؟,زي ما انت عارف من الأفلام كدا،,Medium,زي ما انت عارف من الافلام كدا ،,ماذا ورد في هذا الموضع من النص ؟,True
yc7x5jNhXIQ,جون كينيدي | الدحيح,yc7x5jNhXIQ_Q287,ما الجملة المذكورة في هذا السياق؟,على كل حاجة في هذا الوقت،,Easy,علي كل حاجه في هذا الوقت ،,ما الجمله المذكوره في هذا السياق ؟,True
yc7x5jNhXIQ,جون كينيدي | الدحيح,yc7x5jNhXIQ_Q288,كيف صيغت العبارة هنا؟,اللي كانت بتحصل للمواطنين السوفييتيين،,Medium,اللي كانت بتحصل للمواطنين السوفييتيين ،,كيف صيغت العباره هنا ؟,True
yc7x5jNhXIQ,جون كينيدي | الدحيح,yc7x5jNhXIQ_Q289,ما الذي قيل في هذا الجزء؟,في الجيش الأمريكي!,Easy,في الجيش الامريكي !,ما الذي قيل في هذا الجزء ؟,True
yc7x5jNhXIQ,جون كينيدي | الدحيح,yc7x5jNhXIQ_Q290,ما النص الحرفي المذكور في هذه الفقرة؟,الراجل دا طول الوقت وفي كل حركة،,Medium,الراجل دا طول الوقت وفي كل حركه ،,ما النص الحرفي المذكور في هذه الفقره ؟,True
yc7x5jNhXIQ,جون كينيدي | الدحيح,yc7x5jNhXIQ_Q291,ماذا ورد في هذا الموضع من النص؟,من فتحة معمولة في حيطة جوا شقته.,Easy,من فتحه معموله في حيطه جوا شقته .,ماذا ورد في هذا الموضع من النص ؟,True
yc7x5jNhXIQ,جون كينيدي | الدحيح,yc7x5jNhXIQ_Q292,ما الجملة المذكورة في هذا السياق؟,"""مارينا بروساكوفا""،",Medium,مارينا بروساكوفا ،,ما الجمله المذكوره في هذا السياق ؟,True
yc7x5jNhXIQ,جون كينيدي | الدحيح,yc7x5jNhXIQ_Q293,كيف صيغت العبارة هنا؟,وبعدها بشهور، بيخلّفوا.,Easy,وبعدها بشهور ، بيخلفوا .,كيف صيغت العباره هنا ؟,True
yc7x5jNhXIQ,جون كينيدي | الدحيح,yc7x5jNhXIQ_Q294,ما الذي قيل في هذا الجزء؟,بقت أصعب بكتير من حياته قبل الجواز،,Medium,بقت اصعب بكتير من حياته قبل الجواز ،,ما الذي قيل في هذا الجزء ؟,True
yc7x5jNhXIQ,جون كينيدي | الدحيح,yc7x5jNhXIQ_Q295,ما النص الحرفي المذكور في هذه الفقرة؟,بنلاقي الراجل بيكتب في يومياته:,Easy,بنلاقي الراجل بيكتب في يومياته:,ما النص الحرفي المذكور في هذه الفقره ؟,True
yc7x5jNhXIQ,جون كينيدي | الدحيح,yc7x5jNhXIQ_Q296,ماذا ورد في هذا الموضع من النص؟,بيرجع مع زوجته السوفييتية،,Medium,بيرجع مع زوجته السوفييتي ،,ماذا ورد في هذا الموضع من النص ؟,True
yc7x5jNhXIQ,جون كينيدي | الدحيح,yc7x5jNhXIQ_Q297,ما الجملة المذكورة في هذا السياق؟,"وبنلبس ""جينز""، وبنشرب مشروبات غازية!",Easy,وبنلبس جينز ، وبنشرب مشروبات غازيه !,ما الجمله المذكوره في هذا السياق ؟,True
yc7x5jNhXIQ,جون كينيدي | الدحيح,yc7x5jNhXIQ_Q298,كيف صيغت العبارة هنا؟,يا إما يسيب الشغل بمزاجه،,Medium,يا اما يسيب الشغل بمزاجه ،,كيف صيغت العباره هنا ؟,True
yc7x5jNhXIQ,جون كينيدي | الدحيح,yc7x5jNhXIQ_Q299,ما الذي قيل في هذا الجزء؟,"في ""الاتحاد السوفييتي""،",Easy,في الاتحاد السوفييتي ،,ما الذي قيل في هذا الجزء ؟,True
yc7x5jNhXIQ,جون كينيدي | الدحيح,yc7x5jNhXIQ_Q300,ما النص الحرفي المذكور في هذه الفقرة؟,إن هي تسلّفه فلوس يرجع بيها،,Medium,ان هي تسلفه فلوس يرجع بيها ،,ما النص الحرفي المذكور في هذه الفقره ؟,True
